titulo,valor,metragem,quartos,banheiros,vagas,endereco,link,categoria,tipo,timestamp
"Cacupé, Florianópolis",R$ 1.700.000,110 m²,3,3,2,Estrada Haroldo Soares Glavan,https://www.zapimoveis.com.br/imovel/venda-apartamento-3-quartos-com-piscina-cacupe-florianopolis-sc-110m2-id-2652239853/,venda,apartamento,2024-12-20 17:20:33
"Cacupé, Florianópolis",R$ 2.052.524,105 m²,3,1,2,,https://www.zapimoveis.com.br/imovel/venda-apartamento-3-quartos-com-academia-cacupe-florianopolis-sc-105m2-id-2667468018/,venda,apartamento,2024-12-20 17:20:33
"Cacupé, Florianópolis",R$ 1.913.000,128 m²,3,4,2,,https://www.zapimoveis.com.br/imovel/venda-apartamento-3-quartos-com-churrasqueira-cacupe-florianopolis-sc-128m2-id-2744987627/,venda,apartamento,2024-12-20 17:20:33
"Cacupé, Florianópolis",R$ 2.378.760,117 - 147 m²,2,1 - 3,1 - 2,Estrada Haroldo Soares Glavan,,venda,apartamento,2024-12-20 17:20:33
"Cacupé, Florianópolis",R$ 2.378.760,117 - 147 m²,2,1 - 3,1 - 2,Estrada Haroldo Soares Glavan,,venda,apartamento,2024-12-20 17:20:33
"Cacupé, Florianópolis",R$ 750.000,50 - 52 m²,1,1 - 2,1,Estrada Haroldo Soares Glavan,,venda,apartamento,2024-12-20 17:20:33
"Cacupé, Florianópolis",R$ 750.000,50 - 52 m²,1,1 - 2,1,Estrada Haroldo Soares Glavan,,venda,apartamento,2024-12-20 17:20:33
"Cacupé, Florianópolis",R$ 3.400.000,176 m²,3,5,4,Estrada Haroldo Soares Glavan,,venda,apartamento,2024-12-20 17:20:33
"Cacupé, Florianópolis",R$ 3.400.000,176 m²,3,5,4,Estrada Haroldo Soares Glavan,,venda,apartamento,2024-12-20 17:20:33
"Cacupé, Florianópolis",R$ 934.709,82 m²,2,2,1,Estrada Haroldo Soares Glavan,,venda,apartamento,2024-12-20 17:20:33
"Cacupé, Florianópolis",R$ 934.709,82 m²,2,2,1,Estrada Haroldo Soares Glavan,,venda,apartamento,2024-12-20 17:20:33
"Cacupé, Florianópolis",R$ 3.250.000,159 m²,3,5,3,Estrada Haroldo Soares Glavan,,venda,apartamento,2024-12-20 17:20:33
"Cacupé, Florianópolis",R$ 3.250.000,159 m²,3,5,3,Estrada Haroldo Soares Glavan,,venda,apartamento,2024-12-20 17:20:33
"Cacupé, Florianópolis",R$ 1.181.065,72 m²,2,2,,Estrada Haroldo Soares Glavan,https://www.zapimoveis.com.br/imovel/venda-apartamento-2-quartos-cacupe-florianopolis-72m2-id-2716359919/,venda,apartamento,2024-12-20 17:20:33
"Cacupé, Florianópolis",R$ 1.174.304,71 m²,2,2,,Estrada Haroldo Soares Glavan,https://www.zapimoveis.com.br/imovel/venda-apartamento-2-quartos-cacupe-florianopolis-71m2-id-2716436854/,venda,apartamento,2024-12-20 17:20:33
"Cacupé, Florianópolis",R$ 1.098.000,77 m²,2,2,1,Estrada Haroldo Soares Glavan,https://www.zapimoveis.com.br/imovel/venda-apartamento-2-quartos-com-piscina-cacupe-florianopolis-77m2-id-2642992410/,venda,apartamento,2024-12-20 17:20:33
"Cacupé, Florianópolis",R$ 1.352.354,77 m²,2,2,1,Estrada Haroldo Soares Glavan,https://www.zapimoveis.com.br/imovel/venda-apartamento-2-quartos-com-piscina-cacupe-florianopolis-77m2-id-2747232322/,venda,apartamento,2024-12-20 17:20:33
"Cacupé, Florianópolis",R$ 945.361,83 m²,2,3,1,Estrada Haroldo Soares Glavan,https://www.zapimoveis.com.br/imovel/venda-apartamento-2-quartos-com-piscina-cacupe-florianopolis-83m2-id-2732416087/,venda,apartamento,2024-12-20 17:20:33
"Cacupé, Florianópolis",R$ 1.274.726,76 m²,2,1,1,,https://www.zapimoveis.com.br/imovel/venda-apartamento-2-quartos-com-academia-cacupe-florianopolis-76m2-id-2667468017/,venda,apartamento,2024-12-20 17:20:33
"Cacupé, Florianópolis",R$ 2.519.000,165 m²,3,4,2,Estrada Haroldo Soares Glavan,,venda,apartamento,2024-12-20 17:20:33
"Cacupé, Florianópolis",R$ 2.519.000,165 m²,3,4,2,Estrada Haroldo Soares Glavan,,venda,apartamento,2024-12-20 17:20:33
"Cacupé, Florianópolis",R$ 1.380.000,91 m²,3,2,2,Estrada Haroldo Soares Glavan,https://www.zapimoveis.com.br/imovel/venda-apartamento-3-quartos-cacupe-florianopolis-91m2-id-2633535756/,venda,apartamento,2024-12-20 17:20:33
"Cacupé, Florianópolis",R$ 1.533.000,97 m²,3,1,2,Estrada Haroldo Soares Glavan,https://www.zapimoveis.com.br/imovel/venda-apartamento-3-quartos-cacupe-florianopolis-97m2-id-2717058699/,venda,apartamento,2024-12-20 17:20:33
"Cacupé, Florianópolis",R$ 4.500.000,164 m²,3,4,3,Estrada Haroldo Soares Glavan,https://www.zapimoveis.com.br/imovel/venda-apartamento-3-quartos-com-piscina-cacupe-florianopolis-164m2-id-2723151844/,venda,apartamento,2024-12-20 17:20:33
"Cacupé, Florianópolis",R$ 1.121.969,66 m²,2,2,1,Estrada Haroldo Soares Glavan,https://www.zapimoveis.com.br/imovel/venda-apartamento-2-quartos-com-piscina-cacupe-florianopolis-66m2-id-2586669971/,venda,apartamento,2024-12-20 17:20:33
"Cacupé, Florianópolis",R$ 1.123.184,72 m²,2,2,0 - 1,Estrada Haroldo Soares Glavan,,venda,apartamento,2024-12-20 17:20:33
"Cacupé, Florianópolis",R$ 1.123.184,72 m²,2,2,0 - 1,Estrada Haroldo Soares Glavan,,venda,apartamento,2024-12-20 17:20:33
"Cacupé, Florianópolis",R$ 1.855.000,168 m²,3,4,,Estrada Haroldo Soares Glavan,https://www.zapimoveis.com.br/imovel/venda-apartamento-3-quartos-com-piscina-cacupe-florianopolis-168m2-id-2753261346/,venda,apartamento,2024-12-20 17:20:33
"Cacupé, Florianópolis",R$ 1.490.000,122 m²,3,3,2,Estrada Haroldo Soares Glavan,https://www.zapimoveis.com.br/imovel/venda-apartamento-3-quartos-cacupe-florianopolis-122m2-id-2750493811/,venda,apartamento,2024-12-20 17:20:33
"Cacupé, Florianópolis",R$ 4.093.450,215 - 231 m²,4,1 - 4,3,Estrada Haroldo Soares Glavan,,venda,apartamento,2024-12-20 17:20:33
"Cacupé, Florianópolis",R$ 4.093.450,215 - 231 m²,4,1 - 4,3,Estrada Haroldo Soares Glavan,,venda,apartamento,2024-12-20 17:20:33
"Cacupé, Florianópolis",R$ 2.200.000,168 - 178 m²,4,2 - 5,2,Estrada Haroldo Soares Glavan,,venda,apartamento,2024-12-20 17:20:33
"Cacupé, Florianópolis",R$ 2.200.000,168 - 178 m²,4,2 - 5,2,Estrada Haroldo Soares Glavan,,venda,apartamento,2024-12-20 17:20:33
"Cacupé, Florianópolis",R$ 3.955.938,214 m²,4,4,3,Estrada Haroldo Soares Glavan,https://www.zapimoveis.com.br/imovel/venda-apartamento-4-quartos-com-churrasqueira-cacupe-florianopolis-214m2-id-2762037485/,venda,apartamento,2024-12-20 17:20:33
"Cacupé, Florianópolis",R$ 1.228.138,71 m²,2,1 - 2,0 - 1,Estrada Haroldo Soares Glavan,,venda,apartamento,2024-12-20 17:20:33
"Cacupé, Florianópolis",R$ 1.228.138,71 m²,2,1 - 2,0 - 1,Estrada Haroldo Soares Glavan,,venda,apartamento,2024-12-20 17:20:33
"Cacupé, Florianópolis",R$ 639.611,67 m²,1,2,1,Estrada Haroldo Soares Glavan,https://www.zapimoveis.com.br/imovel/venda-apartamento-1-quarto-com-piscina-cacupe-florianopolis-67m2-id-2750002963/,venda,apartamento,2024-12-20 17:20:33
"Cacupé, Florianópolis",R$ 3.568.101,193 m²,3,4,2,Estrada Haroldo Soares Glavan,https://www.zapimoveis.com.br/imovel/venda-apartamento-3-quartos-com-churrasqueira-cacupe-florianopolis-193m2-id-2762036911/,venda,apartamento,2024-12-20 17:20:33
"Cacupé, Florianópolis",R$ 1.129.000,72 m²,2,1,1,Estrada Haroldo Soares Glavan,https://www.zapimoveis.com.br/imovel/venda-apartamento-2-quartos-cacupe-florianopolis-72m2-id-2718150548/,venda,apartamento,2024-12-20 17:20:33
"Cacupé, Florianópolis",R$ 1.900.000,111 m²,3,3,2,Estrada Haroldo Soares Glavan,https://www.zapimoveis.com.br/imovel/venda-apartamento-3-quartos-mobiliado-cacupe-florianopolis-111m2-id-2635776864/,venda,apartamento,2024-12-20 17:20:33
"Cacupé, Florianópolis",R$ 2.145.000,128 m²,3,4,2,Estrada Haroldo Soares Glavan,https://www.zapimoveis.com.br/imovel/venda-apartamento-3-quartos-com-piscina-cacupe-florianopolis-128m2-id-2723528455/,venda,apartamento,2024-12-20 17:20:33
"Cacupé, Florianópolis",R$ 3.722.497,193 m²,3,4,2,Estrada Haroldo Soares Glavan,https://www.zapimoveis.com.br/imovel/venda-apartamento-3-quartos-com-piscina-cacupe-florianopolis-193m2-id-2756731214/,venda,apartamento,2024-12-20 17:20:33
"Cacupé, Florianópolis",R$ 1.450.000,96 m²,3,3,2,Estrada Haroldo Soares Glavan,https://www.zapimoveis.com.br/imovel/venda-apartamento-3-quartos-com-churrasqueira-cacupe-florianopolis-96m2-id-2706857495/,venda,apartamento,2024-12-20 17:20:33
"Cacupé, Florianópolis",R$ 4.600.000,176 - 177 m²,3,5,3,Estrada Haroldo Soares Glavan,,venda,apartamento,2024-12-20 17:20:33
"Cacupé, Florianópolis",R$ 4.600.000,176 - 177 m²,3,5,3,Estrada Haroldo Soares Glavan,,venda,apartamento,2024-12-20 17:20:33
"Cacupé, Florianópolis",R$ 1.208.600,71 m²,2,2,,Estrada Haroldo Soares Glavan,https://www.zapimoveis.com.br/imovel/venda-apartamento-2-quartos-com-piscina-cacupe-florianopolis-71m2-id-2740140935/,venda,apartamento,2024-12-20 17:20:33
"Cacupé, Florianópolis",R$ 1.280.912,76 m²,2,2,1,Estrada Haroldo Soares Glavan,https://www.zapimoveis.com.br/imovel/venda-apartamento-2-quartos-com-churrasqueira-cacupe-florianopolis-76m2-id-2669892193/,venda,apartamento,2024-12-20 17:20:33
"Cacupé, Florianópolis",R$ 662.475,69 m²,1,1,1,Estrada Haroldo Soares Glavan,https://www.zapimoveis.com.br/imovel/venda-apartamento-1-quarto-cacupe-florianopolis-69m2-id-2732908216/,venda,apartamento,2024-12-20 17:20:33
"Cacupé, Florianópolis",R$ 2.980.000,163 m²,3,3,3,Estrada Haroldo Soares Glavan,https://www.zapimoveis.com.br/imovel/venda-apartamento-3-quartos-cacupe-florianopolis-163m2-id-2723620361/,venda,apartamento,2024-12-20 17:20:33
"Cacupé, Florianópolis",R$ 2.200.000,165 m²,4,5,2,Estrada Haroldo Soares Glavan,https://www.zapimoveis.com.br/imovel/venda-apartamento-4-quartos-mobiliado-cacupe-florianopolis-165m2-id-2516950531/,venda,apartamento,2024-12-20 17:20:33
"Cacupé, Florianópolis",R$ 2.100.000,164 m²,3,4,3,Estrada Haroldo Soares Glavan,https://www.zapimoveis.com.br/imovel/venda-apartamento-3-quartos-com-piscina-cacupe-florianopolis-164m2-id-2669265108/,venda,apartamento,2024-12-20 17:20:33
"Cacupé, Florianópolis",R$ 1.282.404,77 m²,2,2,1,Estrada Haroldo Soares Glavan,https://www.zapimoveis.com.br/imovel/venda-apartamento-2-quartos-cacupe-florianopolis-77m2-id-2739573144/,venda,apartamento,2024-12-20 17:20:33
"Centro, Florianópolis",R$ 1.273.486,76 m²,2,2,1,Rua Desembargador Urbano Salles,https://www.zapimoveis.com.br/imovel/venda-apartamento-2-quartos-centro-florianopolis-76m2-id-2713519493/,venda,apartamento,2024-12-20 17:20:33
"Cacupé, Florianópolis",R$ 1.969.000,159 m²,3,4,2,Estrada Haroldo Soares Glavan,,venda,apartamento,2024-12-20 17:20:33
"Cacupé, Florianópolis",R$ 1.969.000,159 m²,3,4,2,Estrada Haroldo Soares Glavan,,venda,apartamento,2024-12-20 17:20:33
"Cacupé, Florianópolis",R$ 1.150.000,84 m²,2,2,1,,https://www.zapimoveis.com.br/imovel/venda-apartamento-2-quartos-com-piscina-cacupe-florianopolis-84m2-id-2645836479/,venda,apartamento,2024-12-20 17:20:33
"Cacupé, Florianópolis",R$ 3.955.937,215 m²,4,5,2,Estrada Haroldo Soares Glavan,https://www.zapimoveis.com.br/imovel/venda-apartamento-4-quartos-com-piscina-cacupe-florianopolis-215m2-id-2756728009/,venda,apartamento,2024-12-20 17:20:33
"Cacupé, Florianópolis",R$ 3.395.797,176 m²,3,5,2,Estrada Haroldo Soares Glavan,https://www.zapimoveis.com.br/imovel/venda-apartamento-3-quartos-cacupe-florianopolis-176m2-id-2765098216/,venda,apartamento,2024-12-20 17:20:33
"Cacupé, Florianópolis",R$ 2.792.644,165 m²,3,5,2,Estrada Haroldo Soares Glavan,https://www.zapimoveis.com.br/imovel/venda-apartamento-3-quartos-com-piscina-cacupe-florianopolis-165m2-id-2703328277/,venda,apartamento,2024-12-20 17:20:33
"Cacupé, Florianópolis",R$ 2.300.000,166 m²,3,4,1,Estrada Haroldo Soares Glavan,https://www.zapimoveis.com.br/imovel/venda-apartamento-3-quartos-com-piscina-cacupe-florianopolis-166m2-id-2765093105/,venda,apartamento,2024-12-20 17:20:33
"Cacupé, Florianópolis",R$ 1.574.368,94 m²,3,2,,Estrada Haroldo Soares Glavan,https://www.zapimoveis.com.br/imovel/venda-apartamento-3-quartos-cacupe-florianopolis-94m2-id-2716441403/,venda,apartamento,2024-12-20 17:20:33
"Cacupé, Florianópolis",R$ 4.096.000,214 m²,4,5,3,Estrada Haroldo Soares Glavan,https://www.zapimoveis.com.br/imovel/venda-apartamento-4-quartos-com-churrasqueira-cacupe-florianopolis-214m2-id-2747162500/,venda,apartamento,2024-12-20 17:20:33
"Cacupé, Florianópolis",R$ 1.972.150,159 m²,3,1,2,Estrada Haroldo Soares Glavan,https://www.zapimoveis.com.br/imovel/venda-apartamento-3-quartos-com-piscina-cacupe-florianopolis-159m2-id-2630459652/,venda,apartamento,2024-12-20 17:20:33
"Cacupé, Florianópolis",R$ 1.317.379,77 m²,2,1,1,Estrada Haroldo Soares Glavan,https://www.zapimoveis.com.br/imovel/venda-apartamento-2-quartos-com-academia-cacupe-florianopolis-77m2-id-2753272877/,venda,apartamento,2024-12-20 17:20:33
"Cacupé, Florianópolis",R$ 1.355.000,77 m²,2,2,105,Estrada Haroldo Soares Glavan,https://www.zapimoveis.com.br/imovel/venda-apartamento-2-quartos-mobiliado-cacupe-florianopolis-77m2-id-2755067803/,venda,apartamento,2024-12-20 17:20:33
"Cacupé, Florianópolis",R$ 2.300.000,165 m²,3,3,,Estrada Haroldo Soares Glavan,https://www.zapimoveis.com.br/imovel/venda-apartamento-3-quartos-com-piscina-cacupe-florianopolis-165m2-id-2647158512/,venda,apartamento,2024-12-20 17:20:33
"Cacupé, Florianópolis",R$ 1.658.282,118 m²,1,2,1,Estrada Haroldo Soares Glavan,https://www.zapimoveis.com.br/imovel/venda-apartamento-1-quarto-com-churrasqueira-cacupe-florianopolis-118m2-id-2647936935/,venda,apartamento,2024-12-20 17:20:33
"Cacupé, Florianópolis",R$ 1.936.000,143 m²,3,4,2,Estrada Haroldo Soares Glavan,https://www.zapimoveis.com.br/imovel/venda-apartamento-3-quartos-com-salao-de-festas-cacupe-florianopolis-143m2-id-2659154156/,venda,apartamento,2024-12-20 17:20:33
"Cacupé, Florianópolis",R$ 1.138.038,71 m²,2,2,,Estrada Haroldo Soares Glavan,https://www.zapimoveis.com.br/imovel/venda-apartamento-2-quartos-cacupe-florianopolis-71m2-id-2716361409/,venda,apartamento,2024-12-20 17:20:33
"Cacupé, Florianópolis",R$ 3.724.897,194 m²,3,4,2,Estrada Haroldo Soares Glavan,,venda,apartamento,2024-12-20 17:20:33
"Cacupé, Florianópolis",R$ 3.724.897,194 m²,3,4,2,Estrada Haroldo Soares Glavan,,venda,apartamento,2024-12-20 17:20:33
"Cacupé, Florianópolis",R$ 2.009.313,126 m²,2,1,1,,https://www.zapimoveis.com.br/imovel/venda-apartamento-2-quartos-com-academia-cacupe-florianopolis-126m2-id-2667468602/,venda,apartamento,2024-12-20 17:20:33
"Cacupé, Florianópolis",R$ 2.171.518,130 m²,2,3,2,Estrada Haroldo Soares Glavan,https://www.zapimoveis.com.br/imovel/venda-apartamento-2-quartos-com-piscina-cacupe-florianopolis-130m2-id-2756720265/,venda,apartamento,2024-12-20 17:20:33
"Cacupé, Florianópolis",R$ 1.280.000,77 m²,2,2,1,Estrada Haroldo Soares Glavan,https://www.zapimoveis.com.br/imovel/venda-apartamento-2-quartos-com-piscina-cacupe-florianopolis-77m2-id-2759460523/,venda,apartamento,2024-12-20 17:20:33
"Cacupé, Florianópolis",R$ 1.282.405,77 m²,2,1,1,Estrada Haroldo Soares Glavan,https://www.zapimoveis.com.br/imovel/venda-apartamento-2-quartos-com-churrasqueira-cacupe-florianopolis-77m2-id-2660564749/,venda,apartamento,2024-12-20 17:20:33
"Cacupé, Florianópolis",R$ 1.315.000,77 m²,2,2,1,Estrada Haroldo Soares Glavan,https://www.zapimoveis.com.br/imovel/venda-apartamento-2-quartos-com-academia-cacupe-florianopolis-77m2-id-2739394727/,venda,apartamento,2024-12-20 17:20:33
"Cacupé, Florianópolis",R$ 3.568.101,193 m²,3,4,2,Estrada Haroldo Soares Glavan,https://www.zapimoveis.com.br/imovel/venda-apartamento-3-quartos-com-churrasqueira-cacupe-florianopolis-193m2-id-2762036909/,venda,apartamento,2024-12-20 17:20:33
"Cacupé, Florianópolis",R$ 2.145.000,158 m²,3,4,2,Estrada Haroldo Soares Glavan,,venda,apartamento,2024-12-20 17:20:33
"Cacupé, Florianópolis",R$ 2.145.000,158 m²,3,4,2,Estrada Haroldo Soares Glavan,,venda,apartamento,2024-12-20 17:20:33
"Cacupé, Florianópolis",R$ 1.436.000,96 m²,3,2,2,Estrada Haroldo Soares Glavan,https://www.zapimoveis.com.br/imovel/venda-apartamento-3-quartos-com-piscina-cacupe-florianopolis-96m2-id-2519477180/,venda,apartamento,2024-12-20 17:20:33
"Cacupé, Florianópolis",R$ 2.700.000,165 - 167 m²,3,1,2,Estrada Haroldo Soares Glavan,,venda,apartamento,2024-12-20 17:20:33
"Cacupé, Florianópolis",R$ 2.700.000,165 - 167 m²,3,1,2,Estrada Haroldo Soares Glavan,,venda,apartamento,2024-12-20 17:20:33
"Cacupé, Florianópolis",R$ 1.900.000,90 m²,3,3,2,Estrada Haroldo Soares Glavan,,venda,apartamento,2024-12-20 17:20:33
"Cacupé, Florianópolis",R$ 1.900.000,90 m²,3,3,2,Estrada Haroldo Soares Glavan,,venda,apartamento,2024-12-20 17:20:33
"Cacupé, Florianópolis",R$ 3.729.331,194 m²,3,4,2,Estrada Haroldo Soares Glavan,https://www.zapimoveis.com.br/imovel/venda-apartamento-3-quartos-com-churrasqueira-cacupe-florianopolis-194m2-id-2762778430/,venda,apartamento,2024-12-20 17:20:33
"Cacupé, Florianópolis",R$ 1.122.000,62 - 142 m²,2 - 3,1 - 4,0 - 2,Estrada Haroldo Soares Glavan,,venda,apartamento,2024-12-20 17:20:33
"Cacupé, Florianópolis",R$ 1.122.000,62 - 142 m²,2 - 3,1 - 4,0 - 2,Estrada Haroldo Soares Glavan,,venda,apartamento,2024-12-20 17:20:33
"Cacupé, Florianópolis",R$ 1.645.267,117 m²,1,2,1,Estrada Haroldo Soares Glavan,https://www.zapimoveis.com.br/imovel/venda-apartamento-1-quarto-cacupe-florianopolis-117m2-id-2760121928/,venda,apartamento,2024-12-20 17:20:33
"Cacupé, Florianópolis",R$ 1.126.738,71 m²,2,1,1,Estrada Haroldo Soares Glavan,https://www.zapimoveis.com.br/imovel/venda-apartamento-2-quartos-com-churrasqueira-cacupe-florianopolis-71m2-id-2760419637/,venda,apartamento,2024-12-20 17:20:33
"Centro, Florianópolis",R$ 1.407.880,99 m²,2,2,1,Rua Desembargador Urbano Salles,https://www.zapimoveis.com.br/imovel/venda-apartamento-2-quartos-centro-florianopolis-99m2-id-2713519494/,venda,apartamento,2024-12-20 17:20:33
"Cacupé, Florianópolis",R$ 1.548.275,122 m²,3,3,2,Estrada Haroldo Soares Glavan,https://www.zapimoveis.com.br/imovel/venda-apartamento-3-quartos-com-piscina-cacupe-florianopolis-122m2-id-2700621982/,venda,apartamento,2024-12-20 17:20:33
"Cacupé, Florianópolis",R$ 1.216.163,71 m²,2,2,1,Estrada Haroldo Soares Glavan,https://www.zapimoveis.com.br/imovel/venda-apartamento-2-quartos-com-piscina-cacupe-florianopolis-71m2-id-2648878882/,venda,apartamento,2024-12-20 17:20:33
"Cacupé, Florianópolis",R$ 4.118.830,231 m²,4,5,2,Estrada Haroldo Soares Glavan,https://www.zapimoveis.com.br/imovel/venda-apartamento-4-quartos-com-piscina-cacupe-florianopolis-231m2-id-2648877820/,venda,apartamento,2024-12-20 17:20:33
"Cacupé, Florianópolis",R$ 3.726.836,194 m²,3,4,2,Estrada Haroldo Soares Glavan,https://www.zapimoveis.com.br/imovel/venda-apartamento-3-quartos-com-churrasqueira-cacupe-florianopolis-194m2-id-2762037946/,venda,apartamento,2024-12-20 17:20:33
"Cacupé, Florianópolis",R$ 972.000,73 m²,2,2,1,Estrada Haroldo Soares Glavan,https://www.zapimoveis.com.br/imovel/venda-apartamento-2-quartos-com-piscina-cacupe-florianopolis-73m2-id-2695783403/,venda,apartamento,2024-12-20 17:20:33
"Cacupé, Florianópolis",R$ 4.121.230,215 m²,4,4 - 5,0 - 3,Estrada Haroldo Soares Glavan,,venda,apartamento,2024-12-20 17:20:33
"Cacupé, Florianópolis",R$ 4.121.230,215 m²,4,4 - 5,0 - 3,Estrada Haroldo Soares Glavan,,venda,apartamento,2024-12-20 17:20:33
"Cacupé, Florianópolis",R$ 3.568.101,193 m²,3,4,2,Estrada Haroldo Soares Glavan,https://www.zapimoveis.com.br/imovel/venda-apartamento-3-quartos-com-churrasqueira-cacupe-florianopolis-193m2-id-2762037362/,venda,apartamento,2024-12-20 17:20:33
"Cacupé, Florianópolis",R$ 2.300.000,166 m²,3,5,2,Estrada Haroldo Soares Glavan,https://www.zapimoveis.com.br/imovel/venda-apartamento-3-quartos-com-piscina-cacupe-florianopolis-166m2-id-2675572101/,venda,apartamento,2024-12-20 17:20:33
"Cacupé, Florianópolis",R$ 1.280.000,77 m²,2,2,1,Estrada Haroldo Soares Glavan,https://www.zapimoveis.com.br/imovel/venda-apartamento-2-quartos-com-piscina-cacupe-florianopolis-77m2-id-2735571598/,venda,apartamento,2024-12-20 17:20:33
"Cacupé, Florianópolis",R$ 1.505.071,99 m²,2,3,1,Estrada Haroldo Soares Glavan,https://www.zapimoveis.com.br/imovel/venda-apartamento-2-quartos-cacupe-florianopolis-99m2-id-2760121338/,venda,apartamento,2024-12-20 17:20:33
"Cacupé, Florianópolis",R$ 3.332.905,173 m²,3,5,2,Estrada Haroldo Soares Glavan,https://www.zapimoveis.com.br/imovel/venda-apartamento-3-quartos-com-churrasqueira-cacupe-florianopolis-173m2-id-2762038335/,venda,apartamento,2024-12-20 17:20:33
"Cacupé, Florianópolis",R$ 1.542.419,96 m²,3,3,2,Estrada Haroldo Soares Glavan,https://www.zapimoveis.com.br/imovel/venda-apartamento-3-quartos-com-piscina-cacupe-florianopolis-96m2-id-2763738515/,venda,apartamento,2024-12-20 17:20:33
"Cacupé, Florianópolis",R$ 670.000,31 m²,1,1,1,Estrada Haroldo Soares Glavan,https://www.zapimoveis.com.br/imovel/venda-apartamento-1-quarto-cacupe-florianopolis-31m2-id-2688069365/,venda,apartamento,2024-12-20 17:20:33
"Cacupé, Florianópolis",R$ 2.944.000,165 m²,3,4,1,Estrada Haroldo Soares Glavan,https://www.zapimoveis.com.br/imovel/venda-apartamento-3-quartos-com-piscina-cacupe-florianopolis-165m2-id-2765094966/,venda,apartamento,2024-12-20 17:20:33
"Cacupé, Florianópolis",R$ 2.290.000,143 m²,3,4,2,Estrada Haroldo Soares Glavan,,venda,apartamento,2024-12-20 17:20:33
"Cacupé, Florianópolis",R$ 2.290.000,143 m²,3,4,2,Estrada Haroldo Soares Glavan,,venda,apartamento,2024-12-20 17:20:33
"Cacupé, Florianópolis",R$ 4.600.000,177 m²,3,4,3,,https://www.zapimoveis.com.br/imovel/venda-apartamento-3-quartos-com-elevador-cacupe-florianopolis-177m2-id-2723421861/,venda,apartamento,2024-12-20 17:20:33
"Cacupé, Florianópolis",R$ 3.547.000,193 m²,3,4,2,Estrada Haroldo Soares Glavan,https://www.zapimoveis.com.br/imovel/venda-apartamento-3-quartos-com-area-de-servico-cacupe-florianopolis-193m2-id-2747160186/,venda,apartamento,2024-12-20 17:20:33
"Cacupé, Florianópolis",R$ 3.077.137,165 m²,3,2,2,Estrada Haroldo Soares Glavan,https://www.zapimoveis.com.br/imovel/venda-apartamento-3-quartos-com-academia-cacupe-florianopolis-165m2-id-2715429131/,venda,apartamento,2024-12-20 17:20:33
"Cacupé, Florianópolis",R$ 1.284.585,77 m²,2,2,1,Estrada Haroldo Soares Glavan,https://www.zapimoveis.com.br/imovel/venda-apartamento-2-quartos-com-piscina-cacupe-florianopolis-77m2-id-2746375410/,venda,apartamento,2024-12-20 17:20:33
"Cacupé, Florianópolis",R$ 3.722.497,194 m²,3,4,2,Estrada Haroldo Soares Glavan,https://www.zapimoveis.com.br/imovel/venda-apartamento-3-quartos-com-churrasqueira-cacupe-florianopolis-194m2-id-2762036053/,venda,apartamento,2024-12-20 17:20:33
"Cacupé, Florianópolis",R$ 1.282.405,77 m²,2,2,1,Estrada Haroldo Soares Glavan,https://www.zapimoveis.com.br/imovel/venda-apartamento-2-quartos-com-academia-cacupe-florianopolis-77m2-id-2646618569/,venda,apartamento,2024-12-20 17:20:33
"Cacupé, Florianópolis",R$ 1.633.000,100 m²,3,2,2,Estrada Haroldo Soares Glavan,https://www.zapimoveis.com.br/imovel/venda-apartamento-3-quartos-com-piscina-cacupe-florianopolis-100m2-id-2754591104/,venda,apartamento,2024-12-20 17:20:33
"Cacupé, Florianópolis",R$ 1.176.000,71 m²,2,2,1,Estrada Haroldo Soares Glavan,https://www.zapimoveis.com.br/imovel/venda-apartamento-2-quartos-com-piscina-cacupe-florianopolis-71m2-id-2681680309/,venda,apartamento,2024-12-20 17:20:33
"Cacupé, Florianópolis",R$ 4.300.000,176 m²,3,4,2,Estrada Haroldo Soares Glavan,https://www.zapimoveis.com.br/imovel/venda-apartamento-3-quartos-com-academia-cacupe-florianopolis-176m2-id-2722961337/,venda,apartamento,2024-12-20 17:20:33
"Cacupé, Florianópolis",R$ 1.516.978,99 m²,2,1 - 2,1,Estrada Haroldo Soares Glavan,,venda,apartamento,2024-12-20 17:20:33
"Cacupé, Florianópolis",R$ 1.516.978,99 m²,2,1 - 2,1,Estrada Haroldo Soares Glavan,,venda,apartamento,2024-12-20 17:20:33
"Cacupé, Florianópolis",R$ 3.308.330,173 m²,3,3,2,Estrada Haroldo Soares Glavan,https://www.zapimoveis.com.br/imovel/venda-apartamento-3-quartos-com-piscina-cacupe-florianopolis-173m2-id-2764984754/,venda,apartamento,2024-12-20 17:20:33
"Cacupé, Florianópolis",R$ 3.330.596,173 m²,3,4,2,Estrada Haroldo Soares Glavan,https://www.zapimoveis.com.br/imovel/venda-apartamento-3-quartos-com-churrasqueira-cacupe-florianopolis-173m2-id-2762035602/,venda,apartamento,2024-12-20 17:20:33
"Cacupé, Florianópolis",R$ 1.553.180,83 m²,2,2,1,Estrada Haroldo Soares Glavan,https://www.zapimoveis.com.br/imovel/venda-apartamento-2-quartos-com-piscina-cacupe-florianopolis-83m2-id-2705005313/,venda,apartamento,2024-12-20 17:20:33
"Cacupé, Florianópolis",R$ 1.490.000,96 m²,3,3,2,Estrada Haroldo Soares Glavan,https://www.zapimoveis.com.br/imovel/venda-apartamento-3-quartos-com-piscina-cacupe-florianopolis-96m2-id-2757881432/,venda,apartamento,2024-12-20 17:20:33
"Cacupé, Florianópolis",R$ 1.950.000,128 m²,3,4,2,Estrada Haroldo Soares Glavan,,venda,apartamento,2024-12-20 17:20:33
"Cacupé, Florianópolis",R$ 1.950.000,128 m²,3,4,2,Estrada Haroldo Soares Glavan,,venda,apartamento,2024-12-20 17:20:33
"Cacupé, Florianópolis",R$ 1.650.000,96 m²,3,3,1,Estrada Haroldo Soares Glavan,https://www.zapimoveis.com.br/imovel/venda-apartamento-3-quartos-cacupe-florianopolis-96m2-id-2710921707/,venda,apartamento,2024-12-20 17:20:33
"Cacupé, Florianópolis",R$ 1.107.502,71 m²,2,2,,Estrada Haroldo Soares Glavan,https://www.zapimoveis.com.br/imovel/venda-apartamento-2-quartos-cacupe-florianopolis-71m2-id-2716500534/,venda,apartamento,2024-12-20 17:20:33
"Cacupé, Florianópolis",R$ 1.650.000,96 m²,3,3,1,Estrada Haroldo Soares Glavan,https://www.zapimoveis.com.br/imovel/venda-apartamento-3-quartos-cacupe-florianopolis-96m2-id-2710921707/,venda,apartamento,2024-12-20 17:22:08
"Cacupé, Florianópolis",R$ 1.107.502,71 m²,2,2,,Estrada Haroldo Soares Glavan,https://www.zapimoveis.com.br/imovel/venda-apartamento-2-quartos-cacupe-florianopolis-71m2-id-2716500534/,venda,apartamento,2024-12-20 17:22:08
"Cacupé, Florianópolis",R$ 2.879.780,165 m²,3,5,2,Estrada Haroldo Soares Glavan,https://www.zapimoveis.com.br/imovel/venda-apartamento-3-quartos-com-piscina-cacupe-florianopolis-165m2-id-2703326904/,venda,apartamento,2024-12-20 17:22:08
"Cacupé, Florianópolis",R$ 1.655.467,117 m²,1,1,1,Estrada Haroldo Soares Glavan,https://www.zapimoveis.com.br/imovel/venda-apartamento-1-quarto-cacupe-florianopolis-117m2-id-2739575879/,venda,apartamento,2024-12-20 17:22:08
"Cacupé, Florianópolis",R$ 2.072.300,159 m²,3,3 - 4,0 - 2,Estrada Haroldo Soares Glavan,,venda,apartamento,2024-12-20 17:22:08
"Cacupé, Florianópolis",R$ 2.072.300,159 m²,3,3 - 4,0 - 2,Estrada Haroldo Soares Glavan,,venda,apartamento,2024-12-20 17:22:08
"Cacupé, Florianópolis",R$ 3.000.000,200 m²,3,4,3,Estrada Haroldo Soares Glavan,https://www.zapimoveis.com.br/imovel/venda-apartamento-3-quartos-com-piscina-cacupe-florianopolis-200m2-id-2753523845/,venda,apartamento,2024-12-20 17:22:08
"Cacupé, Florianópolis",R$ 1.380.000,69 m²,2,2,1,,https://www.zapimoveis.com.br/imovel/venda-apartamento-2-quartos-mobiliado-cacupe-florianopolis-69m2-id-2757818770/,venda,apartamento,2024-12-20 17:22:08
"Cacupé, Florianópolis",R$ 555.500,30 m²,1,1,1,Estrada Haroldo Soares Glavan,https://www.zapimoveis.com.br/imovel/venda-apartamento-1-quarto-mobiliado-cacupe-florianopolis-30m2-id-2694480673/,venda,apartamento,2024-12-20 17:22:08
"Cacupé, Florianópolis",R$ 1.498.100,94 m²,3,2 - 3,0 - 2,Estrada Haroldo Soares Glavan,,venda,apartamento,2024-12-20 17:22:08
"Cacupé, Florianópolis",R$ 1.498.100,94 m²,3,2 - 3,0 - 2,Estrada Haroldo Soares Glavan,,venda,apartamento,2024-12-20 17:22:08
"Cacupé, Florianópolis",R$ 1.658.282,118 m²,1,1,1,Estrada Haroldo Soares Glavan,https://www.zapimoveis.com.br/imovel/venda-apartamento-1-quarto-com-piscina-cacupe-florianopolis-118m2-id-2746372784/,venda,apartamento,2024-12-20 17:22:08
"Cacupé, Florianópolis",R$ 1.436.000,96 m²,3,2,2,Estrada Haroldo Soares Glavan,https://www.zapimoveis.com.br/imovel/venda-apartamento-3-quartos-com-piscina-cacupe-florianopolis-96m2-id-2519477180/,venda,apartamento,2024-12-20 17:22:08
"Cacupé, Florianópolis",R$ 2.207.218,69 m²,3,3,1,Estrada Haroldo Soares Glavan,,venda,apartamento,2024-12-20 17:22:08
"Cacupé, Florianópolis",R$ 2.207.218,69 m²,3,3,1,Estrada Haroldo Soares Glavan,,venda,apartamento,2024-12-20 17:22:08
"Cacupé, Florianópolis",R$ 2.168.430,128 m²,2,3,1,Estrada Haroldo Soares Glavan,https://www.zapimoveis.com.br/imovel/venda-apartamento-2-quartos-com-piscina-cacupe-florianopolis-128m2-id-2672545996/,venda,apartamento,2024-12-20 17:22:08
"Cacupé, Florianópolis",R$ 3.180.264,172 m²,3,4,2,Estrada Haroldo Soares Glavan,https://www.zapimoveis.com.br/imovel/venda-apartamento-3-quartos-com-churrasqueira-cacupe-florianopolis-172m2-id-2762036910/,venda,apartamento,2024-12-20 17:22:08
"Saco Grande, Florianópolis",R$ 2.052.111,126 m²,3,2,2,Servidão Natalina Machado,https://www.zapimoveis.com.br/imovel/venda-apartamento-3-quartos-com-academia-saco-grande-florianopolis-126m2-id-2727962137/,venda,apartamento,2024-12-20 17:22:08
"Cacupé, Florianópolis",R$ 2.193.000,109 m²,3,3,2,Estrada Haroldo Soares Glavan,https://www.zapimoveis.com.br/imovel/venda-apartamento-3-quartos-com-piscina-cacupe-florianopolis-109m2-id-2694617475/,venda,apartamento,2024-12-20 17:22:08
"Cacupé, Florianópolis",R$ 2.695.000,165 m²,3,4,1,Estrada Haroldo Soares Glavan,https://www.zapimoveis.com.br/imovel/venda-apartamento-3-quartos-com-piscina-cacupe-florianopolis-165m2-id-2765095857/,venda,apartamento,2024-12-20 17:22:08
"Cacupé, Florianópolis",R$ 4.500.000,165 m²,3,4,3,Estrada Haroldo Soares Glavan,,venda,apartamento,2024-12-20 17:22:08
"Cacupé, Florianópolis",R$ 4.500.000,165 m²,3,4,3,Estrada Haroldo Soares Glavan,,venda,apartamento,2024-12-20 17:22:08
"Cacupé, Florianópolis",R$ 10.900.000,406 m²,4,5,3,Estrada Haroldo Soares Glavan,https://www.zapimoveis.com.br/imovel/venda-apartamento-4-quartos-com-sala-de-jantar-cacupe-florianopolis-406m2-id-2756843866/,venda,apartamento,2024-12-20 17:22:08
"Cacupé, Florianópolis",R$ 1.500.000,94 m²,3,2,2,Estrada Haroldo Soares Glavan,https://www.zapimoveis.com.br/imovel/venda-apartamento-3-quartos-com-piscina-cacupe-florianopolis-94m2-id-2759459058/,venda,apartamento,2024-12-20 17:22:08
"Cacupé, Florianópolis",R$ 3.324.040,172 m²,3,4,2,Estrada Haroldo Soares Glavan,https://www.zapimoveis.com.br/imovel/venda-apartamento-3-quartos-com-churrasqueira-cacupe-florianopolis-172m2-id-2762035601/,venda,apartamento,2024-12-20 17:22:08
"Cacupé, Florianópolis",R$ 2.690.000,165 m²,3,4,2,,https://www.zapimoveis.com.br/imovel/venda-apartamento-3-quartos-com-jardim-cacupe-florianopolis-165m2-id-2748448529/,venda,apartamento,2024-12-20 17:22:08
"Cacupé, Florianópolis",R$ 1.782.161,110 m²,3,3,1,Estrada Haroldo Soares Glavan,https://www.zapimoveis.com.br/imovel/venda-apartamento-3-quartos-com-piscina-cacupe-florianopolis-110m2-id-2624505214/,venda,apartamento,2024-12-20 17:22:08
"Cacupé, Florianópolis",R$ 3.039.031,165 m²,3,5,2,Estrada Haroldo Soares Glavan,https://www.zapimoveis.com.br/imovel/venda-apartamento-3-quartos-cacupe-florianopolis-165m2-id-2765096876/,venda,apartamento,2024-12-20 17:22:08
"Saco Grande, Florianópolis",R$ 860.000,61 m²,2,2,1,Servidão Natalina Machado,https://www.zapimoveis.com.br/imovel/venda-apartamento-2-quartos-com-piscina-saco-grande-florianopolis-61m2-id-2746067919/,venda,apartamento,2024-12-20 17:22:08
"Cacupé, Florianópolis",R$ 990.000,69 m²,2,2,1,Estrada Haroldo Soares Glavan,https://www.zapimoveis.com.br/imovel/venda-apartamento-2-quartos-com-churrasqueira-cacupe-florianopolis-69m2-id-2677345195/,venda,apartamento,2024-12-20 17:22:08
"Cacupé, Florianópolis",R$ 1.428.000,96 m²,2,2,1,Estrada Haroldo Soares Glavan,https://www.zapimoveis.com.br/imovel/venda-apartamento-2-quartos-com-churrasqueira-cacupe-florianopolis-96m2-id-2765095535/,venda,apartamento,2024-12-20 17:22:08
"Cacupé, Florianópolis",R$ 1.678.867,130 m²,3,4,2,Estrada Haroldo Soares Glavan,https://www.zapimoveis.com.br/imovel/venda-apartamento-3-quartos-cacupe-florianopolis-130m2-id-2760121336/,venda,apartamento,2024-12-20 17:22:08
"Cacupé, Florianópolis",R$ 948.000,70 m²,2,2,1,Estrada Haroldo Soares Glavan,https://www.zapimoveis.com.br/imovel/venda-apartamento-2-quartos-com-piscina-cacupe-florianopolis-70m2-id-2761922633/,venda,apartamento,2024-12-20 17:22:08
"Cacupé, Florianópolis",R$ 795.000,40 m²,1,1,1,Estrada Haroldo Soares Glavan,https://www.zapimoveis.com.br/imovel/venda-apartamento-1-quarto-com-piscina-cacupe-florianopolis-40m2-id-2743491560/,venda,apartamento,2024-12-20 17:22:08
"Cacupé, Florianópolis",R$ 1.655.468,101 m²,3,2,1,Estrada Haroldo Soares Glavan,https://www.zapimoveis.com.br/imovel/venda-apartamento-3-quartos-com-academia-cacupe-florianopolis-101m2-id-2646618484/,venda,apartamento,2024-12-20 17:22:08
"Cacupé, Florianópolis",R$ 2.850.000,176 m²,3,3,2,Estrada Haroldo Soares Glavan,https://www.zapimoveis.com.br/imovel/venda-apartamento-3-quartos-com-piscina-cacupe-florianopolis-176m2-id-2742486158/,venda,apartamento,2024-12-20 17:22:08
"Cacupé, Florianópolis",R$ 3.230.000,193 m²,3,4,,Estrada Haroldo Soares Glavan,https://www.zapimoveis.com.br/imovel/venda-apartamento-3-quartos-com-piscina-cacupe-florianopolis-193m2-id-2637990909/,venda,apartamento,2024-12-20 17:22:08
"Cacupé, Florianópolis",R$ 1.700.000,170 m²,4,4,2,Estrada Haroldo Soares Glavan,https://www.zapimoveis.com.br/imovel/venda-apartamento-4-quartos-mobiliado-cacupe-florianopolis-170m2-id-2630997525/,venda,apartamento,2024-12-20 17:22:08
"Cacupé, Florianópolis",R$ 3.417.530,164 - 210 m²,3,1 - 5,0 - 5,,,venda,apartamento,2024-12-20 17:22:08
"Cacupé, Florianópolis",R$ 3.417.530,164 - 210 m²,3,1 - 5,0 - 5,,,venda,apartamento,2024-12-20 17:22:08
"Cacupé, Florianópolis",R$ 1.592.000,94 m²,3,3,1,,https://www.zapimoveis.com.br/imovel/venda-apartamento-3-quartos-com-piscina-cacupe-florianopolis-94m2-id-2753114700/,venda,apartamento,2024-12-20 17:22:08
"Cacupé, Florianópolis",R$ 1.700.000,91 - 126 m²,2 - 3,1 - 4,0 - 3,Estrada Haroldo Soares Glavan,,venda,apartamento,2024-12-20 17:22:08
"Cacupé, Florianópolis",R$ 1.700.000,91 - 126 m²,2 - 3,1 - 4,0 - 3,Estrada Haroldo Soares Glavan,,venda,apartamento,2024-12-20 17:22:08
"Cacupé, Florianópolis",R$ 2.983.124,268 m²,3,3 - 5,3 - 4,Estrada Haroldo Soares Glavan,,venda,apartamento,2024-12-20 17:22:08
"Cacupé, Florianópolis",R$ 2.983.124,268 m²,3,3 - 5,3 - 4,Estrada Haroldo Soares Glavan,,venda,apartamento,2024-12-20 17:22:08
"Cacupé, Florianópolis",R$ 1.619.503,100 m²,3,2,1,Estrada Haroldo Soares Glavan,https://www.zapimoveis.com.br/imovel/venda-apartamento-3-quartos-com-academia-cacupe-florianopolis-100m2-id-2648374460/,venda,apartamento,2024-12-20 17:22:08
"Cacupé, Florianópolis",R$ 3.250.000,159 m²,3,5,3,Estrada Haroldo Soares Glavan,https://www.zapimoveis.com.br/imovel/venda-apartamento-3-quartos-com-piscina-cacupe-florianopolis-159m2-id-2721667485/,venda,apartamento,2024-12-20 17:22:08
"Cacupé, Florianópolis",R$ 1.450.000,96 m²,3,3,1,Estrada Haroldo Soares Glavan,https://www.zapimoveis.com.br/imovel/venda-apartamento-3-quartos-com-piscina-cacupe-florianopolis-96m2-id-2757882917/,venda,apartamento,2024-12-20 17:22:08
"Cacupé, Florianópolis",R$ 2.200.000,172 m²,3,4,2,Estrada Haroldo Soares Glavan,,venda,apartamento,2024-12-20 17:22:08
"Cacupé, Florianópolis",R$ 2.200.000,172 m²,3,4,2,Estrada Haroldo Soares Glavan,,venda,apartamento,2024-12-20 17:22:08
"Cacupé, Florianópolis",R$ 1.354.653,77 m²,2,2,1,Estrada Haroldo Soares Glavan,https://www.zapimoveis.com.br/imovel/venda-apartamento-2-quartos-com-piscina-cacupe-florianopolis-77m2-id-2763799029/,venda,apartamento,2024-12-20 17:22:08
"Saco Grande, Florianópolis",R$ 960.473,62 - 67 m²,2,2,1,Servidão Natalina Machado,,venda,apartamento,2024-12-20 17:22:08
"Saco Grande, Florianópolis",R$ 960.473,62 - 67 m²,2,2,1,Servidão Natalina Machado,,venda,apartamento,2024-12-20 17:22:08
"Cacupé, Florianópolis",R$ 984.837,82 m²,2,3,1,Estrada Haroldo Soares Glavan,https://www.zapimoveis.com.br/imovel/venda-apartamento-2-quartos-com-piscina-cacupe-florianopolis-82m2-id-2755261885/,venda,apartamento,2024-12-20 17:22:08
"Cacupé, Florianópolis",R$ 2.898.776,325 m²,3,5,3,,https://www.zapimoveis.com.br/imovel/venda-apartamento-3-quartos-com-piscina-cacupe-florianopolis-325m2-id-2730398223/,venda,apartamento,2024-12-20 17:22:08
"Cacupé, Florianópolis",R$ 1.050.361,66 m²,2,2,1,Estrada Haroldo Soares Glavan,https://www.zapimoveis.com.br/imovel/venda-apartamento-2-quartos-com-piscina-cacupe-florianopolis-66m2-id-2746532612/,venda,apartamento,2024-12-20 17:22:08
"Cacupé, Florianópolis",R$ 1.131.000,72 m²,2,1,1,Estrada Haroldo Soares Glavan,https://www.zapimoveis.com.br/imovel/venda-apartamento-2-quartos-com-piscina-cacupe-florianopolis-72m2-id-2698292888/,venda,apartamento,2024-12-20 17:22:08
"Cacupé, Florianópolis",R$ 450.000,31 - 32 m²,1,1,1,Estrada Haroldo Soares Glavan,,venda,apartamento,2024-12-20 17:22:08
"Cacupé, Florianópolis",R$ 450.000,31 - 32 m²,1,1,1,Estrada Haroldo Soares Glavan,,venda,apartamento,2024-12-20 17:22:08
"Saco Grande, Florianópolis",R$ 994.893,63 - 65 m²,2,1 - 2,1,,,venda,apartamento,2024-12-20 17:22:08
"Saco Grande, Florianópolis",R$ 994.893,63 - 65 m²,2,1 - 2,1,,,venda,apartamento,2024-12-20 17:22:08
"Cacupé, Florianópolis",R$ 2.098.480,142 m²,3,2,1,Estrada Haroldo Soares Glavan,https://www.zapimoveis.com.br/imovel/venda-apartamento-3-quartos-com-academia-cacupe-florianopolis-142m2-id-2760010894/,venda,apartamento,2024-12-20 17:22:08
"Cacupé, Florianópolis",R$ 2.691.361,165 m²,3,5,,Estrada Haroldo Soares Glavan,https://www.zapimoveis.com.br/imovel/venda-apartamento-3-quartos-cacupe-florianopolis-165m2-id-2703327298/,venda,apartamento,2024-12-20 17:22:08
"Cacupé, Florianópolis",R$ 798.000,40 m²,1,1,1,Estrada Haroldo Soares Glavan,https://www.zapimoveis.com.br/imovel/venda-apartamento-1-quarto-com-piscina-cacupe-florianopolis-40m2-id-2743297591/,venda,apartamento,2024-12-20 17:22:08
"Cacupé, Florianópolis",R$ 2.151.626,114 - 128 m²,2,2 - 3,1,Estrada Haroldo Soares Glavan,,venda,apartamento,2024-12-20 17:22:08
"Cacupé, Florianópolis",R$ 2.151.626,114 - 128 m²,2,2 - 3,1,Estrada Haroldo Soares Glavan,,venda,apartamento,2024-12-20 17:22:08
"Cacupé, Florianópolis",R$ 1.658.282,101 m²,3,2,1,Estrada Haroldo Soares Glavan,https://www.zapimoveis.com.br/imovel/venda-apartamento-3-quartos-com-piscina-cacupe-florianopolis-101m2-id-2746374921/,venda,apartamento,2024-12-20 17:22:08
"Cacupé, Florianópolis",R$ 1.655.467,101 m²,3,2,1,Estrada Haroldo Soares Glavan,https://www.zapimoveis.com.br/imovel/venda-apartamento-3-quartos-com-cozinha-cacupe-florianopolis-101m2-id-2739573146/,venda,apartamento,2024-12-20 17:22:08
"Cacupé, Florianópolis",R$ 2.172.116,127 m²,2,3,1,Estrada Haroldo Soares Glavan,https://www.zapimoveis.com.br/imovel/venda-apartamento-2-quartos-com-piscina-cacupe-florianopolis-127m2-id-2705006194/,venda,apartamento,2024-12-20 17:22:08
"Cacupé, Florianópolis",R$ 11.500.000,432 m²,5,6,3,Estrada Haroldo Soares Glavan,https://www.zapimoveis.com.br/imovel/venda-apartamento-5-quartos-com-cozinha-cacupe-florianopolis-432m2-id-2756843643/,venda,apartamento,2024-12-20 17:22:08
"Cacupé, Florianópolis",R$ 2.340.000,130 m²,2,3,2,Estrada Haroldo Soares Glavan,https://www.zapimoveis.com.br/imovel/venda-apartamento-2-quartos-com-cozinha-cacupe-florianopolis-130m2-id-2659154061/,venda,apartamento,2024-12-20 17:22:08
"Cacupé, Florianópolis",R$ 3.300.000,189 m²,4,4,3,Estrada Haroldo Soares Glavan,https://www.zapimoveis.com.br/imovel/venda-apartamento-4-quartos-mobiliado-cacupe-florianopolis-189m2-id-2685632066/,venda,apartamento,2024-12-20 17:22:08
"Cacupé, Florianópolis",R$ 2.010.253,110 m²,3,1,1,Servidão Cacupé,https://www.zapimoveis.com.br/imovel/venda-apartamento-3-quartos-com-piscina-cacupe-florianopolis-110m2-id-2656526871/,venda,apartamento,2024-12-20 17:22:08
"Cacupé, Florianópolis",R$ 2.200.000,169 - 170 m²,4,1,2,Estrada Haroldo Soares Glavan,,venda,apartamento,2024-12-20 17:22:08
"Cacupé, Florianópolis",R$ 2.200.000,169 - 170 m²,4,1,2,Estrada Haroldo Soares Glavan,,venda,apartamento,2024-12-20 17:22:08
"Cacupé, Florianópolis",R$ 6.200.000,400 m²,3,4,2,Estrada Haroldo Soares Glavan,https://www.zapimoveis.com.br/imovel/venda-apartamento-3-quartos-com-sala-grande-cacupe-florianopolis-400m2-id-2729068845/,venda,apartamento,2024-12-20 17:22:08
"Cacupé, Florianópolis",R$ 2.128.000,128 m²,3,1,2,Estrada Haroldo Soares Glavan,https://www.zapimoveis.com.br/imovel/venda-apartamento-3-quartos-com-piscina-cacupe-florianopolis-128m2-id-2759438125/,venda,apartamento,2024-12-20 17:22:08
"Cacupé, Florianópolis",R$ 2.393.509,130 m²,2,3,2,Estrada Haroldo Soares Glavan,https://www.zapimoveis.com.br/imovel/venda-apartamento-2-quartos-com-churrasqueira-cacupe-florianopolis-130m2-id-2762038333/,venda,apartamento,2024-12-20 17:22:08
"Cacupé, Florianópolis",R$ 1.542.419,97 m²,3,3,1,Estrada Haroldo Soares Glavan,https://www.zapimoveis.com.br/imovel/venda-apartamento-3-quartos-com-churrasqueira-cacupe-florianopolis-97m2-id-2765468350/,venda,apartamento,2024-12-20 17:22:08
"Cacupé, Florianópolis",R$ 2.340.000,169 m²,3,4,2,Estrada Haroldo Soares Glavan,https://www.zapimoveis.com.br/imovel/venda-apartamento-3-quartos-mobiliado-cacupe-florianopolis-169m2-id-2630270862/,venda,apartamento,2024-12-20 17:22:08
"Cacupé, Florianópolis",R$ 1.272.467,77 m²,3,2,12,Estrada Haroldo Soares Glavan,https://www.zapimoveis.com.br/imovel/venda-apartamento-3-quartos-com-academia-cacupe-florianopolis-77m2-id-2648374461/,venda,apartamento,2024-12-20 17:22:08
"Cacupé, Florianópolis",R$ 790.000,50 m²,1,2,1,,https://www.zapimoveis.com.br/imovel/venda-apartamento-1-quarto-cacupe-florianopolis-50m2-id-2708654394/,venda,apartamento,2024-12-20 17:22:08
"Cacupé, Florianópolis",R$ 1.200.000,70 m²,2,1,1,,https://www.zapimoveis.com.br/imovel/venda-apartamento-2-quartos-cacupe-florianopolis-70m2-id-2532979123/,venda,apartamento,2024-12-20 17:22:08
"Cacupé, Florianópolis",R$ 1.808.929,100 m²,3,2,2,Estrada Haroldo Soares Glavan,https://www.zapimoveis.com.br/imovel/venda-apartamento-3-quartos-com-piscina-cacupe-florianopolis-100m2-id-2705001221/,venda,apartamento,2024-12-20 17:22:08
"Cacupé, Florianópolis",R$ 700.000,38 m²,1,1 - 2,1,Estrada Haroldo Soares Glavan,,venda,apartamento,2024-12-20 17:22:08
"Cacupé, Florianópolis",R$ 700.000,38 m²,1,1 - 2,1,Estrada Haroldo Soares Glavan,,venda,apartamento,2024-12-20 17:22:08
"Cacupé, Florianópolis",R$ 2.517.432,130 m²,2,3,2,Estrada Haroldo Soares Glavan,,venda,apartamento,2024-12-20 17:22:08
"Cacupé, Florianópolis",R$ 2.517.432,130 m²,2,3,2,Estrada Haroldo Soares Glavan,,venda,apartamento,2024-12-20 17:22:08
"Cacupé, Florianópolis",R$ 1.456.000,83 m²,2,2,1,Estrada Haroldo Soares Glavan,https://www.zapimoveis.com.br/imovel/venda-apartamento-2-quartos-com-piscina-cacupe-florianopolis-83m2-id-2751924607/,venda,apartamento,2024-12-20 17:22:08
"Cacupé, Florianópolis",R$ 2.881.342,268 m²,3,5,2,Estrada Haroldo Soares Glavan,https://www.zapimoveis.com.br/imovel/venda-apartamento-3-quartos-com-piscina-cacupe-florianopolis-268m2-id-2703328281/,venda,apartamento,2024-12-20 17:22:08
"Cacupé, Florianópolis",R$ 3.300.000,189 m²,4,5,3,Estrada Haroldo Soares Glavan,https://www.zapimoveis.com.br/imovel/venda-apartamento-4-quartos-mobiliado-cacupe-florianopolis-189m2-id-2756315458/,venda,apartamento,2024-12-20 17:22:08
"Cacupé, Florianópolis",R$ 2.611.029,126 m²,3,4,1,Estrada Haroldo Soares Glavan,https://www.zapimoveis.com.br/imovel/venda-apartamento-3-quartos-com-academia-cacupe-florianopolis-126m2-id-2762037031/,venda,apartamento,2024-12-20 17:22:08
"Cacupé, Florianópolis",R$ 1.805.859,119 m²,1,1,1,Estrada Haroldo Soares Glavan,https://www.zapimoveis.com.br/imovel/venda-apartamento-1-quarto-com-academia-cacupe-florianopolis-119m2-id-2646618567/,venda,apartamento,2024-12-20 17:22:08
"Cacupé, Florianópolis",R$ 1.838.629,126 m²,3,3,1,Estrada Haroldo Soares Glavan,,venda,apartamento,2024-12-20 17:22:08
"Cacupé, Florianópolis",R$ 1.838.629,126 m²,3,3,1,Estrada Haroldo Soares Glavan,,venda,apartamento,2024-12-20 17:22:08
"Cacupé, Florianópolis",R$ 2.500.000,157 m²,3,3,3,Estrada Haroldo Soares Glavan,https://www.zapimoveis.com.br/imovel/venda-apartamento-3-quartos-com-piscina-cacupe-florianopolis-157m2-id-2721668205/,venda,apartamento,2024-12-20 17:22:08
"Cacupé, Florianópolis",R$ 644.613,54 m²,1,1,1,Estrada Haroldo Soares Glavan,https://www.zapimoveis.com.br/imovel/venda-apartamento-1-quarto-com-academia-cacupe-florianopolis-54m2-id-2733862943/,venda,apartamento,2024-12-20 17:22:08
"Cacupé, Florianópolis",R$ 1.160.000,70 m²,2,2,1,Estrada Haroldo Soares Glavan,https://www.zapimoveis.com.br/imovel/venda-apartamento-2-quartos-com-piscina-cacupe-florianopolis-70m2-id-2759459059/,venda,apartamento,2024-12-20 17:22:08
"Cacupé, Florianópolis",R$ 2.983.124,308 - 325 m²,3,1 - 4,3,Estrada Haroldo Soares Glavan,,venda,apartamento,2024-12-20 17:22:08
"Cacupé, Florianópolis",R$ 2.983.124,308 - 325 m²,3,1 - 4,3,Estrada Haroldo Soares Glavan,,venda,apartamento,2024-12-20 17:22:08
"Saco Grande, Florianópolis",R$ 1.925.000,126 m²,3,4,2,Servidão Natalina Machado,https://www.zapimoveis.com.br/imovel/venda-apartamento-3-quartos-com-piscina-saco-grande-florianopolis-126m2-id-2744818395/,venda,apartamento,2024-12-20 17:22:08
"Cacupé, Florianópolis",R$ 1.230.769,94 m²,2,2,,Estrada Haroldo Soares Glavan,https://www.zapimoveis.com.br/imovel/venda-apartamento-2-quartos-com-piscina-cacupe-florianopolis-94m2-id-2648713073/,venda,apartamento,2024-12-20 17:22:08
"Cacupé, Florianópolis",R$ 1.101.662,71 m²,2,2,1,Estrada Haroldo Soares Glavan,https://www.zapimoveis.com.br/imovel/venda-apartamento-2-quartos-com-piscina-cacupe-florianopolis-71m2-id-2703592380/,venda,apartamento,2024-12-20 17:22:08
"Cacupé, Florianópolis",R$ 1.782.000,109 m²,3,3,1,Estrada Haroldo Soares Glavan,,venda,apartamento,2024-12-20 17:22:08
"Cacupé, Florianópolis",R$ 1.782.000,109 m²,3,3,1,Estrada Haroldo Soares Glavan,,venda,apartamento,2024-12-20 17:22:08
"Cacupé, Florianópolis",R$ 3.016.324,268 m²,3,2,3,,https://www.zapimoveis.com.br/imovel/venda-apartamento-3-quartos-com-academia-cacupe-florianopolis-268m2-id-2732106968/,venda,apartamento,2024-12-20 17:22:08
"Cacupé, Florianópolis",R$ 1.808.929,118 - 119 m²,1,1 - 2,1,Estrada Haroldo Soares Glavan,,venda,apartamento,2024-12-20 17:22:08
"Cacupé, Florianópolis",R$ 1.808.929,118 - 119 m²,1,1 - 2,1,Estrada Haroldo Soares Glavan,,venda,apartamento,2024-12-20 17:22:08
"Cacupé, Florianópolis",R$ 1.923.000,128 m²,3,4,2,Estrada Haroldo Soares Glavan,https://www.zapimoveis.com.br/imovel/venda-apartamento-3-quartos-com-piscina-cacupe-florianopolis-128m2-id-2759461540/,venda,apartamento,2024-12-20 17:22:08
"Cacupé, Florianópolis",R$ 2.954.357,233 m²,3,1 - 3,2 - 3,,,venda,apartamento,2024-12-20 17:22:08
"Cacupé, Florianópolis",R$ 2.954.357,233 m²,3,1 - 3,2 - 3,,,venda,apartamento,2024-12-20 17:22:08
"Cacupé, Florianópolis",R$ 1.752.000,100 m²,3,2,105,Estrada Haroldo Soares Glavan,https://www.zapimoveis.com.br/imovel/venda-apartamento-3-quartos-mobiliado-cacupe-florianopolis-100m2-id-2762049971/,venda,apartamento,2024-12-20 17:22:08
"Cacupé, Florianópolis",R$ 4.118.830,214 - 231 m²,4,1 - 5,2 - 3,Estrada Haroldo Soares Glavan,,venda,apartamento,2024-12-20 17:22:08
"Cacupé, Florianópolis",R$ 4.118.830,214 - 231 m²,4,1 - 5,2 - 3,Estrada Haroldo Soares Glavan,,venda,apartamento,2024-12-20 17:22:08
"Cacupé, Florianópolis",R$ 940.000,67 m²,2,2,1,,https://www.zapimoveis.com.br/imovel/venda-apartamento-2-quartos-com-churrasqueira-cacupe-florianopolis-67m2-id-2674698094/,venda,apartamento,2024-12-20 17:22:08
"Cacupé, Florianópolis",R$ 2.800.000,176 m²,3,4,2,Estrada Haroldo Soares Glavan,https://www.zapimoveis.com.br/imovel/venda-apartamento-3-quartos-com-piscina-cacupe-florianopolis-176m2-id-2749442094/,venda,apartamento,2024-12-20 17:22:08
"Cacupé, Florianópolis",R$ 1.831.990,120 m²,2,2,1,Estrada Haroldo Soares Glavan,https://www.zapimoveis.com.br/imovel/venda-apartamento-2-quartos-cacupe-florianopolis-120m2-id-2746990243/,venda,apartamento,2024-12-20 17:22:08
"Cacupé, Florianópolis",R$ 1.588.718,119 m²,1,1,1,Estrada Haroldo Soares Glavan,https://www.zapimoveis.com.br/imovel/venda-apartamento-1-quarto-com-piscina-cacupe-florianopolis-119m2-id-2648535458/,venda,apartamento,2024-12-20 17:22:08
"Cacupé, Florianópolis",R$ 2.967.370,165 m²,3,5,2,Estrada Haroldo Soares Glavan,https://www.zapimoveis.com.br/imovel/venda-apartamento-3-quartos-com-piscina-cacupe-florianopolis-165m2-id-2703328282/,venda,apartamento,2024-12-20 17:22:08
"Cacupé, Florianópolis",R$ 2.453.438,119 m²,2,3,2,Estrada Haroldo Soares Glavan,https://www.zapimoveis.com.br/imovel/venda-apartamento-2-quartos-com-churrasqueira-cacupe-florianopolis-119m2-id-2762036912/,venda,apartamento,2024-12-20 17:22:08
"Cacupé, Florianópolis",R$ 990.000,69 m²,2,2,1,,https://www.zapimoveis.com.br/imovel/venda-apartamento-2-quartos-com-elevador-cacupe-florianopolis-69m2-id-2727487749/,venda,apartamento,2024-12-20 17:22:08
"Saco Grande, Florianópolis",R$ 800.000,66 m²,2,2,1,Servidão Natalina Machado,https://www.zapimoveis.com.br/imovel/venda-apartamento-2-quartos-com-piscina-saco-grande-florianopolis-66m2-id-2666365110/,venda,apartamento,2024-12-20 17:22:08
"Cacupé, Florianópolis",R$ 4.600.000,176 m²,3,5,3,Estrada Haroldo Soares Glavan,https://www.zapimoveis.com.br/imovel/venda-apartamento-3-quartos-com-academia-cacupe-florianopolis-176m2-id-2755240207/,venda,apartamento,2024-12-20 17:22:08
"Cacupé, Florianópolis",R$ 2.176.767,126 m²,3,3,,Estrada Haroldo Soares Glavan,https://www.zapimoveis.com.br/imovel/venda-apartamento-3-quartos-com-piscina-cacupe-florianopolis-126m2-id-2624502202/,venda,apartamento,2024-12-20 17:22:08
"Cacupé, Florianópolis",R$ 2.200.000,220 m²,4,5,2,Estrada Haroldo Soares Glavan,https://www.zapimoveis.com.br/imovel/venda-apartamento-4-quartos-com-piscina-cacupe-florianopolis-220m2-id-2725402167/,venda,apartamento,2024-12-20 17:22:08
"Cacupé, Florianópolis",R$ 2.098.480,105 m²,3,3,2,Estrada Haroldo Soares Glavan,https://www.zapimoveis.com.br/imovel/venda-apartamento-3-quartos-com-piscina-cacupe-florianopolis-105m2-id-2747233206/,venda,apartamento,2024-12-20 17:22:08
"Saco Grande, Florianópolis",R$ 800.000,66 m²,2,2,1,Servidão Natalina Machado,https://www.zapimoveis.com.br/imovel/venda-apartamento-2-quartos-com-piscina-saco-grande-florianopolis-66m2-id-2666365110/,venda,apartamento,2024-12-20 17:23:08
"Cacupé, Florianópolis",R$ 4.600.000,176 m²,3,5,3,Estrada Haroldo Soares Glavan,https://www.zapimoveis.com.br/imovel/venda-apartamento-3-quartos-com-academia-cacupe-florianopolis-176m2-id-2755240207/,venda,apartamento,2024-12-20 17:23:08
"Cacupé, Florianópolis",R$ 2.176.767,126 m²,3,3,,Estrada Haroldo Soares Glavan,https://www.zapimoveis.com.br/imovel/venda-apartamento-3-quartos-com-piscina-cacupe-florianopolis-126m2-id-2624502202/,venda,apartamento,2024-12-20 17:23:08
"Cacupé, Florianópolis",R$ 2.200.000,220 m²,4,5,2,Estrada Haroldo Soares Glavan,https://www.zapimoveis.com.br/imovel/venda-apartamento-4-quartos-com-piscina-cacupe-florianopolis-220m2-id-2725402167/,venda,apartamento,2024-12-20 17:23:08
"Cacupé, Florianópolis",R$ 2.098.480,105 m²,3,3,2,Estrada Haroldo Soares Glavan,https://www.zapimoveis.com.br/imovel/venda-apartamento-3-quartos-com-piscina-cacupe-florianopolis-105m2-id-2747233206/,venda,apartamento,2024-12-20 17:23:08
"Cacupé, Florianópolis",R$ 943.000,112 m²,2,2,1,,https://www.zapimoveis.com.br/imovel/venda-apartamento-2-quartos-com-churrasqueira-cacupe-florianopolis-112m2-id-2744617403/,venda,apartamento,2024-12-20 17:23:08
"Cacupé, Florianópolis",R$ 1.350.000,94 m²,3,3,2,Estrada Haroldo Soares Glavan,https://www.zapimoveis.com.br/imovel/venda-apartamento-3-quartos-com-churrasqueira-cacupe-florianopolis-94m2-id-2640387358/,venda,apartamento,2024-12-20 17:23:08
"Cacupé, Florianópolis",R$ 1.940.500,128 m²,3,3,2,Estrada Haroldo Soares Glavan,,venda,apartamento,2024-12-20 17:23:08
"Cacupé, Florianópolis",R$ 1.940.500,128 m²,3,3,2,Estrada Haroldo Soares Glavan,,venda,apartamento,2024-12-20 17:23:08
"Cacupé, Florianópolis",R$ 2.030.000,125 m²,2,1,1,Servidão Cacupé,https://www.zapimoveis.com.br/imovel/venda-apartamento-2-quartos-com-piscina-cacupe-florianopolis-125m2-id-2760088464/,venda,apartamento,2024-12-20 17:23:08
"Cacupé, Florianópolis",R$ 1.450.000,100 m²,3,2,2,Estrada Haroldo Soares Glavan,https://www.zapimoveis.com.br/imovel/venda-apartamento-3-quartos-com-piscina-cacupe-florianopolis-100m2-id-2759459962/,venda,apartamento,2024-12-20 17:23:08
"Cacupé, Florianópolis",R$ 3.800.000,336 m²,4,6,2,Estrada Haroldo Soares Glavan,https://www.zapimoveis.com.br/imovel/venda-apartamento-4-quartos-com-varanda-cacupe-florianopolis-336m2-id-2631317068/,venda,apartamento,2024-12-20 17:23:08
"Cacupé, Florianópolis",R$ 2.780.000,237 m²,3,4,3,Estrada Haroldo Soares Glavan,https://www.zapimoveis.com.br/imovel/venda-apartamento-3-quartos-com-piscina-cacupe-florianopolis-237m2-id-2620651748/,venda,apartamento,2024-12-20 17:23:08
"Cacupé, Florianópolis",R$ 8.500.000,326 m²,3,4,2,Estrada Haroldo Soares Glavan,https://www.zapimoveis.com.br/imovel/venda-apartamento-3-quartos-cacupe-florianopolis-326m2-id-2754343294/,venda,apartamento,2024-12-20 17:23:08
"Cacupé, Florianópolis",R$ 2.200.000,216 m²,4,5,2,Estrada Haroldo Soares Glavan,https://www.zapimoveis.com.br/imovel/venda-apartamento-4-quartos-com-churrasqueira-cacupe-florianopolis-216m2-id-2676414808/,venda,apartamento,2024-12-20 17:23:08
"Cacupé, Florianópolis",R$ 2.098.480,142 m²,3,2,1,Estrada Haroldo Soares Glavan,https://www.zapimoveis.com.br/imovel/venda-apartamento-3-quartos-com-academia-cacupe-florianopolis-142m2-id-2646618566/,venda,apartamento,2024-12-20 17:23:08
"Cacupé, Florianópolis",R$ 2.171.518,118 m²,2,2 - 3,2,Estrada Haroldo Soares Glavan,,venda,apartamento,2024-12-20 17:23:08
"Cacupé, Florianópolis",R$ 2.171.518,118 m²,2,2 - 3,2,Estrada Haroldo Soares Glavan,,venda,apartamento,2024-12-20 17:23:08
"Cacupé, Florianópolis",R$ 2.168.430,128 m²,2,2,1,Estrada Haroldo Soares Glavan,https://www.zapimoveis.com.br/imovel/venda-apartamento-2-quartos-com-academia-cacupe-florianopolis-128m2-id-2646618568/,venda,apartamento,2024-12-20 17:23:08
"Cacupé, Florianópolis",R$ 997.961,66 m²,2,2,1,Servidão Cacupé,https://www.zapimoveis.com.br/imovel/venda-apartamento-2-quartos-com-piscina-cacupe-florianopolis-66m2-id-2763227316/,venda,apartamento,2024-12-20 17:23:08
"Cacupé, Florianópolis",R$ 3.077.137,232 m²,3,4,2,Estrada Haroldo Soares Glavan,https://www.zapimoveis.com.br/imovel/venda-apartamento-3-quartos-cacupe-florianopolis-232m2-id-2757080718/,venda,apartamento,2024-12-20 17:23:08
"Cacupé, Florianópolis",R$ 1.534.000,71 m²,1,1,1,Estrada Haroldo Soares Glavan,https://www.zapimoveis.com.br/imovel/venda-apartamento-1-quarto-cacupe-florianopolis-71m2-id-2577625884/,venda,apartamento,2024-12-20 17:23:08
"Saco Grande, Florianópolis",R$ 962.000,65 m²,2,2,1,Servidão Natalina Machado,https://www.zapimoveis.com.br/imovel/venda-apartamento-2-quartos-com-piscina-saco-grande-florianopolis-65m2-id-2744816151/,venda,apartamento,2024-12-20 17:23:08
"Cacupé, Florianópolis",R$ 1.100.983,72 m²,2,3,1,Estrada Haroldo Soares Glavan,https://www.zapimoveis.com.br/imovel/venda-apartamento-2-quartos-com-playground-cacupe-florianopolis-72m2-id-2765488133/,venda,apartamento,2024-12-20 17:23:08
"Cacupé, Florianópolis",R$ 6.700.000,650 m²,7,6,3,Estrada Haroldo Soares Glavan,https://www.zapimoveis.com.br/imovel/venda-apartamento-7-quartos-com-piscina-cacupe-florianopolis-650m2-id-2687230229/,venda,apartamento,2024-12-20 17:23:08
"Cacupé, Florianópolis",R$ 1.099.990,10 m²,1,1,,,https://www.zapimoveis.com.br/imovel/venda-apartamento-1-quarto-com-piscina-cacupe-florianopolis-10m2-id-2702244646/,venda,apartamento,2024-12-20 17:23:08
"Cacupé, Florianópolis",R$ 680.000,38 m²,1,1,1,,https://www.zapimoveis.com.br/imovel/venda-apartamento-1-quarto-com-piscina-cacupe-florianopolis-38m2-id-2682049325/,venda,apartamento,2024-12-20 17:23:08
"Cacupé, Florianópolis",R$ 628.752,53 m²,1,1,,Estrada Haroldo Soares Glavan,https://www.zapimoveis.com.br/imovel/venda-apartamento-1-quarto-com-piscina-cacupe-florianopolis-53m2-id-2729739024/,venda,apartamento,2024-12-20 17:23:08
"Cacupé, Florianópolis",R$ 3.100.000,437 m²,4,5,3,Estrada Haroldo Soares Glavan,https://www.zapimoveis.com.br/imovel/venda-cobertura-4-quartos-com-piscina-cacupe-florianopolis-437m2-id-2550358199/,venda,apartamento,2024-12-20 17:23:08
"Cacupé, Florianópolis",R$ 1.128.205,77 m²,2,2,1,Estrada Haroldo Soares Glavan,https://www.zapimoveis.com.br/imovel/venda-apartamento-2-quartos-com-piscina-cacupe-florianopolis-77m2-id-2648710232/,venda,apartamento,2024-12-20 17:23:08
"Cacupé, Florianópolis",R$ 960.473,64 m²,2,2,1,,https://www.zapimoveis.com.br/imovel/venda-apartamento-2-quartos-com-piscina-cacupe-florianopolis-64m2-id-2682842973/,venda,apartamento,2024-12-20 17:23:08
"Cacupé, Florianópolis",R$ 2.055.000,109 m²,2,2,1,Estrada Haroldo Soares Glavan,https://www.zapimoveis.com.br/imovel/venda-apartamento-2-quartos-com-cozinha-cacupe-florianopolis-109m2-id-2765095146/,venda,apartamento,2024-12-20 17:23:08
"Cacupé, Florianópolis",R$ 555.500,30 m²,1,1,1,,https://www.zapimoveis.com.br/imovel/venda-apartamento-1-quarto-com-piscina-cacupe-florianopolis-30m2-id-2751895156/,venda,apartamento,2024-12-20 17:23:08
"Cacupé, Florianópolis",R$ 2.151.626,128 m²,2,2,1,Estrada Haroldo Soares Glavan,https://www.zapimoveis.com.br/imovel/venda-apartamento-2-quartos-com-academia-cacupe-florianopolis-128m2-id-2648374458/,venda,apartamento,2024-12-20 17:23:08
"Cacupé, Florianópolis",R$ 1.900.000,90 m²,3,3,2,,https://www.zapimoveis.com.br/imovel/venda-apartamento-3-quartos-com-playground-cacupe-florianopolis-90m2-id-2727486755/,venda,apartamento,2024-12-20 17:23:08
"Praia Brava, Florianópolis",R$ 2.335.000,169 m²,3,3,2,Avenida Tom Traugott Wildi,https://www.zapimoveis.com.br/imovel/venda-apartamento-3-quartos-mobiliado-praia-brava-florianopolis-169m2-id-2589491608/,venda,apartamento,2024-12-20 17:23:08
"Cacupé, Florianópolis",R$ 1.743.590,105 m²,3,2,,Estrada Haroldo Soares Glavan,https://www.zapimoveis.com.br/imovel/venda-apartamento-3-quartos-com-piscina-cacupe-florianopolis-105m2-id-2648535455/,venda,apartamento,2024-12-20 17:23:08
"Cacupé, Florianópolis",R$ 790.000,50 m²,1,2,1,Estrada Haroldo Soares Glavan,https://www.zapimoveis.com.br/imovel/venda-apartamento-1-quarto-com-piscina-cacupe-florianopolis-50m2-id-2762986919/,venda,apartamento,2024-12-20 17:23:08
"Vargem Pequena, Florianópolis",R$ 944.065,51 m²,1,1,,Rodovia José Carlos Daux,https://www.zapimoveis.com.br/imovel/venda-apartamento-1-quarto-vargem-pequena-florianopolis-51m2-id-2760101531/,venda,apartamento,2024-12-20 17:23:08
"Cacupé, Florianópolis",R$ 1.846.154,142 m²,3,2,1,Estrada Haroldo Soares Glavan,https://www.zapimoveis.com.br/imovel/venda-apartamento-3-quartos-com-piscina-cacupe-florianopolis-142m2-id-2648534564/,venda,apartamento,2024-12-20 17:23:08
"Centro, Florianópolis",R$ 2.005.064,104 m²,3,3,2,Rua Desembargador Urbano Salles,https://www.zapimoveis.com.br/imovel/venda-apartamento-3-quartos-centro-florianopolis-104m2-id-2719363071/,venda,apartamento,2024-12-20 17:23:08
"Cacupé, Florianópolis",R$ 1.497.000,72 m²,2,2,1,Estrada Haroldo Soares Glavan,https://www.zapimoveis.com.br/imovel/venda-apartamento-2-quartos-mobiliado-cacupe-florianopolis-72m2-id-2692253154/,venda,apartamento,2024-12-20 17:23:08
"Cacupé, Florianópolis",R$ 2.052.524,105 m²,3,1,2,,https://www.zapimoveis.com.br/imovel/venda-apartamento-3-quartos-com-academia-cacupe-florianopolis-105m2-id-2667468018/,venda,apartamento,2024-12-20 17:23:08
"Cacupé, Florianópolis",R$ 1.748.734,118 m²,1,1,1,Estrada Haroldo Soares Glavan,https://www.zapimoveis.com.br/imovel/venda-apartamento-1-quarto-com-piscina-cacupe-florianopolis-118m2-id-2747233205/,venda,apartamento,2024-12-20 17:23:08
"Cacupé, Florianópolis",R$ 1.913.000,128 m²,3,1 - 4,1 - 2,,,venda,apartamento,2024-12-20 17:23:08
"Cacupé, Florianópolis",R$ 1.913.000,128 m²,3,1 - 4,1 - 2,,,venda,apartamento,2024-12-20 17:23:08
"Cacupé, Florianópolis",R$ 899.000,10 m²,1,1,,,https://www.zapimoveis.com.br/imovel/venda-apartamento-1-quarto-com-piscina-cacupe-florianopolis-10m2-id-2702243873/,venda,apartamento,2024-12-20 17:23:08
"Cacupé, Florianópolis",R$ 1.907.693,128 m²,2,2,1,Estrada Haroldo Soares Glavan,https://www.zapimoveis.com.br/imovel/venda-apartamento-2-quartos-com-piscina-cacupe-florianopolis-128m2-id-2648711375/,venda,apartamento,2024-12-20 17:23:08
"Saco Grande, Florianópolis",R$ 1.920.948,126 m²,3,1,2,,https://www.zapimoveis.com.br/imovel/venda-apartamento-3-quartos-saco-grande-florianopolis-126m2-id-2759011619/,venda,apartamento,2024-12-20 17:23:08
"Cacupé, Florianópolis",R$ 1.300.000,66 m²,2,2,1,Estrada Haroldo Soares Glavan,https://www.zapimoveis.com.br/imovel/venda-apartamento-2-quartos-com-varanda-gourmet-cacupe-florianopolis-66m2-id-2730769631/,venda,apartamento,2024-12-20 17:23:08
"Cacupé, Florianópolis",R$ 1.750.000,168 m²,4,5,2,Estrada Haroldo Soares Glavan,https://www.zapimoveis.com.br/imovel/venda-apartamento-4-quartos-mobiliado-cacupe-florianopolis-168m2-id-2765472230/,venda,apartamento,2024-12-20 17:23:08
"Saco Grande, Florianópolis",R$ 987.110,110 - 112 m²,2,2,1,Servidão Natalina Machado,,venda,apartamento,2024-12-20 17:23:08
"Saco Grande, Florianópolis",R$ 987.110,110 - 112 m²,2,2,1,Servidão Natalina Machado,,venda,apartamento,2024-12-20 17:23:08
"Cacupé, Florianópolis",R$ 1.466.521,95 m²,3,2,2,Estrada Haroldo Soares Glavan,https://www.zapimoveis.com.br/imovel/venda-apartamento-3-quartos-com-piscina-cacupe-florianopolis-95m2-id-2765487852/,venda,apartamento,2024-12-20 17:23:08
"Cacupé, Florianópolis",R$ 13.500.000,943 m²,5,7,4,Estrada Haroldo Soares Glavan,https://www.zapimoveis.com.br/imovel/venda-apartamento-5-quartos-com-piscina-cacupe-florianopolis-943m2-id-2734306320/,venda,apartamento,2024-12-20 17:23:08
"Cacupé, Florianópolis",R$ 1.750.000,96 m²,2,3,2,Estrada Haroldo Soares Glavan,https://www.zapimoveis.com.br/imovel/venda-apartamento-2-quartos-com-piscina-cacupe-florianopolis-96m2-id-2731533741/,venda,apartamento,2024-12-20 17:23:08
"Cacupé, Florianópolis",R$ 2.150.000,102 m²,3,2,2,Estrada Haroldo Soares Glavan,https://www.zapimoveis.com.br/imovel/venda-apartamento-3-quartos-com-piscina-cacupe-florianopolis-102m2-id-2759459057/,venda,apartamento,2024-12-20 17:23:08
"Cacupé, Florianópolis",R$ 2.332.000,169 m²,4,4,2,,https://www.zapimoveis.com.br/imovel/venda-apartamento-4-quartos-mobiliado-cacupe-florianopolis-169m2-id-2727487164/,venda,apartamento,2024-12-20 17:23:08
"Cacupé, Florianópolis",R$ 1.700.000,169 m²,3,3,2,Estrada Haroldo Soares Glavan,https://www.zapimoveis.com.br/imovel/venda-apartamento-3-quartos-mobiliado-cacupe-florianopolis-169m2-id-2764984296/,venda,apartamento,2024-12-20 17:23:08
"Cacupé, Florianópolis",R$ 2.934.760,165 m²,3,5,2,Estrada Haroldo Soares Glavan,https://www.zapimoveis.com.br/imovel/venda-apartamento-3-quartos-com-academia-cacupe-florianopolis-165m2-id-2765468841/,venda,apartamento,2024-12-20 17:23:08
"Cacupé, Florianópolis",R$ 1.658.282,101 m²,3,2,1,Estrada Haroldo Soares Glavan,https://www.zapimoveis.com.br/imovel/venda-apartamento-3-quartos-com-academia-cacupe-florianopolis-101m2-id-2765468345/,venda,apartamento,2024-12-20 17:23:08
"Cacupé, Florianópolis",R$ 2.517.432,142 m²,2,2,2,Estrada Haroldo Soares Glavan,https://www.zapimoveis.com.br/imovel/venda-apartamento-2-quartos-com-academia-cacupe-florianopolis-142m2-id-2765471917/,venda,apartamento,2024-12-20 17:23:08
